CountryShort,CountryLong,Year,ValueNumeric,Unit,Data_source
EU28,EU-28,1990,531.2329746,gCO2/kWh,EEA
EU28,EU-28,1991,516.0344671,gCO2/kWh,EEA
EU28,EU-28,1992,503.5711119,gCO2/kWh,EEA
EU28,EU-28,1993,473.9991179,gCO2/kWh,EEA
EU28,EU-28,1994,469.0133033,gCO2/kWh,EEA
EU28,EU-28,1995,454.3358462,gCO2/kWh,EEA
EU28,EU-28,1996,442.4168807,gCO2/kWh,EEA
EU28,EU-28,1997,429.7436445,gCO2/kWh,EEA
EU28,EU-28,1998,431.7283233,gCO2/kWh,EEA
EU28,EU-28,1999,419.1558936,gCO2/kWh,EEA
EU28,EU-28,2000,405.847546,gCO2/kWh,EEA
EU28,EU-28,2001,403.3949857,gCO2/kWh,EEA
EU28,EU-28,2002,408.3150971,gCO2/kWh,EEA
EU28,EU-28,2003,412.4192223,gCO2/kWh,EEA
EU28,EU-28,2004,400.5175628,gCO2/kWh,EEA
EU28,EU-28,2005,394.727157,gCO2/kWh,EEA
EU28,EU-28,2006,396.1060898,gCO2/kWh,EEA
EU28,EU-28,2007,401.4618764,gCO2/kWh,EEA
EU28,EU-28,2008,378.7705367,gCO2/kWh,EEA
EU28,EU-28,2009,361.8270551,gCO2/kWh,EEA
EU28,EU-28,2010,349.0294631,gCO2/kWh,EEA
EU28,EU-28,2011,354.1611209,gCO2/kWh,EEA
EU28,EU-28,2012,354.3687205,gCO2/kWh,EEA
EU28,EU-28,2013,335.4345402,gCO2/kWh,EEA
EU28,EU-28,2014,323.0071063,gCO2/kWh,EEA
EU28,EU-28,2015,317.5361487,gCO2/kWh,EEA
EU28,EU-28,2016,299.9492139,gCO2/kWh,EEA
EU28,EU-28,2017,294.2060978,gCO2/kWh,EEA
EU27,EU-27 (from 2020),1990,509.420299,gCO2/kWh,EEA
EU27,EU-27 (from 2020),1991,494.368269,gCO2/kWh,EEA
EU27,EU-27 (from 2020),1992,483.7394684,gCO2/kWh,EEA
EU27,EU-27 (from 2020),1993,458.5032646,gCO2/kWh,EEA
EU27,EU-27 (from 2020),1994,456.9264115,gCO2/kWh,EEA
EU27,EU-27 (from 2020),1995,442.3407809,gCO2/kWh,EEA
EU27,EU-27 (from 2020),1996,430.2958357,gCO2/kWh,EEA
EU27,EU-27 (from 2020),1997,420.0706656,gCO2/kWh,EEA
EU27,EU-27 (from 2020),1998,422.6189452,gCO2/kWh,EEA
EU27,EU-27 (from 2020),1999,411.8627846,gCO2/kWh,EEA
EU27,EU-27 (from 2020),2000,393.2710348,gCO2/kWh,EEA
EU27,EU-27 (from 2020),2001,387.911622,gCO2/kWh,EEA
EU27,EU-27 (from 2020),2002,394.7483474,gCO2/kWh,EEA
EU27,EU-27 (from 2020),2003,398.3121147,gCO2/kWh,EEA
EU27,EU-27 (from 2020),2004,384.0297671,gCO2/kWh,EEA
EU27,EU-27 (from 2020),2005,378.8483087,gCO2/kWh,EEA
EU27,EU-27 (from 2020),2006,377.8248822,gCO2/kWh,EEA
EU27,EU-27 (from 2020),2007,385.2152503,gCO2/kWh,EEA
EU27,EU-27 (from 2020),2008,360.7333797,gCO2/kWh,EEA
EU27,EU-27 (from 2020),2009,347.1039594,gCO2/kWh,EEA
EU27,EU-27 (from 2020),2010,332.207299,gCO2/kWh,EEA
EU27,EU-27 (from 2020),2011,340.6100054,gCO2/kWh,EEA
EU27,EU-27 (from 2020),2012,335.5516298,gCO2/kWh,EEA
EU27,EU-27 (from 2020),2013,318.5707578,gCO2/kWh,EEA
EU27,EU-27 (from 2020),2014,310.0253382,gCO2/kWh,EEA
EU27,EU-27 (from 2020),2015,310.4504437,gCO2/kWh,EEA
EU27,EU-27 (from 2020),2016,298.4278045,gCO2/kWh,EEA
EU27,EU-27 (from 2020),2017,295.7363229,gCO2/kWh,EEA
AT,Austria,1990,235.4995956,gCO2/kWh,EEA
AT,Austria,1991,243.9865836,gCO2/kWh,EEA
AT,Austria,1992,189.6938532,gCO2/kWh,EEA
AT,Austria,1993,171.8886017,gCO2/kWh,EEA
AT,Austria,1994,190.7654132,gCO2/kWh,EEA
AT,Austria,1995,198.9691015,gCO2/kWh,EEA
AT,Austria,1996,206.1345899,gCO2/kWh,EEA
AT,Austria,1997,205.4803786,gCO2/kWh,EEA
AT,Austria,1998,178.1704386,gCO2/kWh,EEA
AT,Austria,1999,168.1491891,gCO2/kWh,EEA
AT,Austria,2000,152.005476,gCO2/kWh,EEA
AT,Austria,2001,170.5385703,gCO2/kWh,EEA
AT,Austria,2002,163.2077918,gCO2/kWh,EEA
AT,Austria,2003,207.4701894,gCO2/kWh,EEA
AT,Austria,2004,191.5807777,gCO2/kWh,EEA
AT,Austria,2005,185.1804874,gCO2/kWh,EEA
AT,Austria,2006,179.8244714,gCO2/kWh,EEA
AT,Austria,2007,165.1542861,gCO2/kWh,EEA
AT,Austria,2008,155.1710986,gCO2/kWh,EEA
AT,Austria,2009,133.4989045,gCO2/kWh,EEA
AT,Austria,2010,151.6079319,gCO2/kWh,EEA
AT,Austria,2011,161.1041497,gCO2/kWh,EEA
AT,Austria,2012,119.5340182,gCO2/kWh,EEA
AT,Austria,2013,106.1581435,gCO2/kWh,EEA
AT,Austria,2014,92.48373394,gCO2/kWh,EEA
AT,Austria,2015,107.637713,gCO2/kWh,EEA
AT,Austria,2016,95.627761,gCO2/kWh,EEA
AT,Austria,2017,103.979949,gCO2/kWh,EEA
BE,Belgium,1990,356.769647,gCO2/kWh,EEA
BE,Belgium,1991,362.7455642,gCO2/kWh,EEA
BE,Belgium,1992,346.7500956,gCO2/kWh,EEA
BE,Belgium,1993,356.7652498,gCO2/kWh,EEA
BE,Belgium,1994,364.2388075,gCO2/kWh,EEA
BE,Belgium,1995,349.8930828,gCO2/kWh,EEA
BE,Belgium,1996,322.0842879,gCO2/kWh,EEA
BE,Belgium,1997,292.8606725,gCO2/kWh,EEA
BE,Belgium,1998,310.5795046,gCO2/kWh,EEA
BE,Belgium,1999,259.5525005,gCO2/kWh,EEA
BE,Belgium,2000,267.5024888,gCO2/kWh,EEA
BE,Belgium,2001,254.1217484,gCO2/kWh,EEA
BE,Belgium,2002,260.4217472,gCO2/kWh,EEA
BE,Belgium,2003,263.7309144,gCO2/kWh,EEA
BE,Belgium,2004,267.9062854,gCO2/kWh,EEA
BE,Belgium,2005,272.7934711,gCO2/kWh,EEA
BE,Belgium,2006,249.2205452,gCO2/kWh,EEA
BE,Belgium,2007,238.8498287,gCO2/kWh,EEA
BE,Belgium,2008,234.6736473,gCO2/kWh,EEA
BE,Belgium,2009,209.5961406,gCO2/kWh,EEA
BE,Belgium,2010,209.3601801,gCO2/kWh,EEA
BE,Belgium,2011,189.7467765,gCO2/kWh,EEA
BE,Belgium,2012,204.5679236,gCO2/kWh,EEA
BE,Belgium,2013,185.5286375,gCO2/kWh,EEA
BE,Belgium,2014,202.5441675,gCO2/kWh,EEA
BE,Belgium,2015,221.2098196,gCO2/kWh,EEA
BE,Belgium,2016,167.9451303,gCO2/kWh,EEA
BE,Belgium,2017,176.0660661,gCO2/kWh,EEA
BG,Bulgaria,1990,543.0767586,gCO2/kWh,EEA
BG,Bulgaria,1991,510.2832739,gCO2/kWh,EEA
BG,Bulgaria,1992,639.6755054,gCO2/kWh,EEA
BG,Bulgaria,1993,620.5119514,gCO2/kWh,EEA
BG,Bulgaria,1994,565.2758243,gCO2/kWh,EEA
BG,Bulgaria,1995,518.9696374,gCO2/kWh,EEA
BG,Bulgaria,1996,491.5256732,gCO2/kWh,EEA
BG,Bulgaria,1997,530.5918113,gCO2/kWh,EEA
BG,Bulgaria,1998,550.559057,gCO2/kWh,EEA
BG,Bulgaria,1999,490.2821827,gCO2/kWh,EEA
BG,Bulgaria,2000,461.0928146,gCO2/kWh,EEA
BG,Bulgaria,2001,511.2552443,gCO2/kWh,EEA
BG,Bulgaria,2002,469.1860729,gCO2/kWh,EEA
BG,Bulgaria,2003,520.5784424,gCO2/kWh,EEA
BG,Bulgaria,2004,521.7725659,gCO2/kWh,EEA
BG,Bulgaria,2005,490.6836614,gCO2/kWh,EEA
BG,Bulgaria,2006,483.5055619,gCO2/kWh,EEA
BG,Bulgaria,2007,587.1794161,gCO2/kWh,EEA
BG,Bulgaria,2008,552.0269036,gCO2/kWh,EEA
BG,Bulgaria,2009,510.2721253,gCO2/kWh,EEA
BG,Bulgaria,2010,514.8102064,gCO2/kWh,EEA
BG,Bulgaria,2011,569.4623984,gCO2/kWh,EEA
BG,Bulgaria,2012,511.1038479,gCO2/kWh,EEA
BG,Bulgaria,2013,467.1727498,gCO2/kWh,EEA
BG,Bulgaria,2014,463.2732202,gCO2/kWh,EEA
BG,Bulgaria,2015,474.4486142,gCO2/kWh,EEA
BG,Bulgaria,2016,449.6030728,gCO2/kWh,EEA
BG,Bulgaria,2017,486.2079455,gCO2/kWh,EEA
HR,Croatia,1990,332.9445304,gCO2/kWh,EEA
HR,Croatia,1991,199.9508609,gCO2/kWh,EEA
HR,Croatia,1992,314.5880027,gCO2/kWh,EEA
HR,Croatia,1993,331.5164,gCO2/kWh,EEA
HR,Croatia,1994,218.7807855,gCO2/kWh,EEA
HR,Croatia,1995,246.6961764,gCO2/kWh,EEA
HR,Croatia,1996,186.2581629,gCO2/kWh,EEA
HR,Croatia,1997,276.8140973,gCO2/kWh,EEA
HR,Croatia,1998,311.5288275,gCO2/kWh,EEA
HR,Croatia,1999,286.1262482,gCO2/kWh,EEA
HR,Croatia,2000,282.567689,gCO2/kWh,EEA
HR,Croatia,2001,296.1874533,gCO2/kWh,EEA
HR,Croatia,2002,353.9743642,gCO2/kWh,EEA
HR,Croatia,2003,379.9454721,gCO2/kWh,EEA
HR,Croatia,2004,280.0705537,gCO2/kWh,EEA
HR,Croatia,2005,294.8376292,gCO2/kWh,EEA
HR,Croatia,2006,305.2678571,gCO2/kWh,EEA
HR,Croatia,2007,388.0144877,gCO2/kWh,EEA
HR,Croatia,2008,334.8662197,gCO2/kWh,EEA
HR,Croatia,2009,262.914571,gCO2/kWh,EEA
HR,Croatia,2010,208.7428853,gCO2/kWh,EEA
HR,Croatia,2011,296.2610515,gCO2/kWh,EEA
HR,Croatia,2012,280.3722156,gCO2/kWh,EEA
HR,Croatia,2013,198.8133763,gCO2/kWh,EEA
HR,Croatia,2014,171.350153,gCO2/kWh,EEA
HR,Croatia,2015,203.3679561,gCO2/kWh,EEA
HR,Croatia,2016,202.572377,gCO2/kWh,EEA
HR,Croatia,2017,187.9500129,gCO2/kWh,EEA
CY,Cyprus,1990,851.676799,gCO2/kWh,EEA
CY,Cyprus,1991,839.5901986,gCO2/kWh,EEA
CY,Cyprus,1992,838.8208175,gCO2/kWh,EEA
CY,Cyprus,1993,838.7435868,gCO2/kWh,EEA
CY,Cyprus,1994,843.9996835,gCO2/kWh,EEA
CY,Cyprus,1995,834.0436032,gCO2/kWh,EEA
CY,Cyprus,1996,844.7552055,gCO2/kWh,EEA
CY,Cyprus,1997,853.7625667,gCO2/kWh,EEA
CY,Cyprus,1998,855.5708725,gCO2/kWh,EEA
CY,Cyprus,1999,869.281198,gCO2/kWh,EEA
CY,Cyprus,2000,848.5471856,gCO2/kWh,EEA
CY,Cyprus,2001,786.3262433,gCO2/kWh,EEA
CY,Cyprus,2002,766.4412505,gCO2/kWh,EEA
CY,Cyprus,2003,773.3503464,gCO2/kWh,EEA
CY,Cyprus,2004,781.5799512,gCO2/kWh,EEA
CY,Cyprus,2005,800.0466262,gCO2/kWh,EEA
CY,Cyprus,2006,792.5663061,gCO2/kWh,EEA
CY,Cyprus,2007,795.3905555,gCO2/kWh,EEA
CY,Cyprus,2008,793.1246392,gCO2/kWh,EEA
CY,Cyprus,2009,776.0123306,gCO2/kWh,EEA
CY,Cyprus,2010,735.0786866,gCO2/kWh,EEA
CY,Cyprus,2011,759.0297395,gCO2/kWh,EEA
CY,Cyprus,2012,756.9119881,gCO2/kWh,EEA
CY,Cyprus,2013,666.2387417,gCO2/kWh,EEA
CY,Cyprus,2014,681.8469819,gCO2/kWh,EEA
CY,Cyprus,2015,670.2267169,gCO2/kWh,EEA
CY,Cyprus,2016,678.7042818,gCO2/kWh,EEA
CY,Cyprus,2017,660.6885135,gCO2/kWh,EEA
CZ,Czech Republic,1990,751.2067709,gCO2/kWh,EEA
CZ,Czech Republic,1991,744.7332941,gCO2/kWh,EEA
CZ,Czech Republic,1992,742.2914098,gCO2/kWh,EEA
CZ,Czech Republic,1993,739.4726854,gCO2/kWh,EEA
CZ,Czech Republic,1994,740.9816907,gCO2/kWh,EEA
CZ,Czech Republic,1995,749.159647,gCO2/kWh,EEA
CZ,Czech Republic,1996,746.5977864,gCO2/kWh,EEA
CZ,Czech Republic,1997,702.392624,gCO2/kWh,EEA
CZ,Czech Republic,1998,696.9895348,gCO2/kWh,EEA
CZ,Czech Republic,1999,663.3094271,gCO2/kWh,EEA
CZ,Czech Republic,2000,666.3208375,gCO2/kWh,EEA
CZ,Czech Republic,2001,664.6794125,gCO2/kWh,EEA
CZ,Czech Republic,2002,643.4502717,gCO2/kWh,EEA
CZ,Czech Republic,2003,579.6041464,gCO2/kWh,EEA
CZ,Czech Republic,2004,578.4338472,gCO2/kWh,EEA
CZ,Czech Republic,2005,596.7672318,gCO2/kWh,EEA
CZ,Czech Republic,2006,595.4311861,gCO2/kWh,EEA
CZ,Czech Republic,2007,598.0669618,gCO2/kWh,EEA
CZ,Czech Republic,2008,584.1630387,gCO2/kWh,EEA
CZ,Czech Republic,2009,555.9129931,gCO2/kWh,EEA
CZ,Czech Republic,2010,534.6487889,gCO2/kWh,EEA
CZ,Czech Republic,2011,527.0513848,gCO2/kWh,EEA
CZ,Czech Republic,2012,490.3799419,gCO2/kWh,EEA
CZ,Czech Republic,2013,459.8958645,gCO2/kWh,EEA
CZ,Czech Republic,2014,465.9047333,gCO2/kWh,EEA
CZ,Czech Republic,2015,479.3042731,gCO2/kWh,EEA
CZ,Czech Republic,2016,488.7826016,gCO2/kWh,EEA
CZ,Czech Republic,2017,437.8535036,gCO2/kWh,EEA
DK,Denmark,1990,644.9177509,gCO2/kWh,EEA
DK,Denmark,1991,666.0147027,gCO2/kWh,EEA
DK,Denmark,1992,633.0857973,gCO2/kWh,EEA
DK,Denmark,1993,599.9551799,gCO2/kWh,EEA
DK,Denmark,1994,607.5639836,gCO2/kWh,EEA
DK,Denmark,1995,575.3440344,gCO2/kWh,EEA
DK,Denmark,1996,609.8210661,gCO2/kWh,EEA
DK,Denmark,1997,559.9835506,gCO2/kWh,EEA
DK,Denmark,1998,519.0638659,gCO2/kWh,EEA
DK,Denmark,1999,483.7970722,gCO2/kWh,EEA
DK,Denmark,2000,453.5284094,gCO2/kWh,EEA
DK,Denmark,2001,443.3047243,gCO2/kWh,EEA
DK,Denmark,2002,437.2742992,gCO2/kWh,EEA
DK,Denmark,2003,467.3811725,gCO2/kWh,EEA
DK,Denmark,2004,399.2583646,gCO2/kWh,EEA
DK,Denmark,2005,362.1100319,gCO2/kWh,EEA
DK,Denmark,2006,453.1494863,gCO2/kWh,EEA
DK,Denmark,2007,418.5837993,gCO2/kWh,EEA
DK,Denmark,2008,387.8924922,gCO2/kWh,EEA
DK,Denmark,2009,386.2289469,gCO2/kWh,EEA
DK,Denmark,2010,341.0836988,gCO2/kWh,EEA
DK,Denmark,2011,305.8433539,gCO2/kWh,EEA
DK,Denmark,2012,244.2642587,gCO2/kWh,EEA
DK,Denmark,2013,285.9399929,gCO2/kWh,EEA
DK,Denmark,2014,246.3154759,gCO2/kWh,EEA
DK,Denmark,2015,165.6413261,gCO2/kWh,EEA
DK,Denmark,2016,199.023625,gCO2/kWh,EEA
DK,Denmark,2017,147.658672,gCO2/kWh,EEA
EE,Estonia,1990,929.7506496,gCO2/kWh,EEA
EE,Estonia,1991,926.5232943,gCO2/kWh,EEA
EE,Estonia,1992,987.4848938,gCO2/kWh,EEA
EE,Estonia,1993,985.8021021,gCO2/kWh,EEA
EE,Estonia,1994,1085.840125,gCO2/kWh,EEA
EE,Estonia,1995,1237.057234,gCO2/kWh,EEA
EE,Estonia,1996,1220.072449,gCO2/kWh,EEA
EE,Estonia,1997,1168.102142,gCO2/kWh,EEA
EE,Estonia,1998,1170.215386,gCO2/kWh,EEA
EE,Estonia,1999,1142.707808,gCO2/kWh,EEA
EE,Estonia,2000,1088.553746,gCO2/kWh,EEA
EE,Estonia,2001,1060.862574,gCO2/kWh,EEA
EE,Estonia,2002,1028.50511,gCO2/kWh,EEA
EE,Estonia,2003,1042.725851,gCO2/kWh,EEA
EE,Estonia,2004,1023.004025,gCO2/kWh,EEA
EE,Estonia,2005,1014.067969,gCO2/kWh,EEA
EE,Estonia,2006,970.1255329,gCO2/kWh,EEA
EE,Estonia,2007,1003.900697,gCO2/kWh,EEA
EE,Estonia,2008,997.5767544,gCO2/kWh,EEA
EE,Estonia,2009,973.1903126,gCO2/kWh,EEA
EE,Estonia,2010,964.8698972,gCO2/kWh,EEA
EE,Estonia,2011,991.7434739,gCO2/kWh,EEA
EE,Estonia,2012,934.160257,gCO2/kWh,EEA
EE,Estonia,2013,989.7630275,gCO2/kWh,EEA
EE,Estonia,2014,992.2878547,gCO2/kWh,EEA
EE,Estonia,2015,934.8135999,gCO2/kWh,EEA
EE,Estonia,2016,917.3312698,gCO2/kWh,EEA
EE,Estonia,2017,922.4060595,gCO2/kWh,EEA
FI,Finland,1990,171.698024,gCO2/kWh,EEA
FI,Finland,1991,157.8193497,gCO2/kWh,EEA
FI,Finland,1992,138.780488,gCO2/kWh,EEA
FI,Finland,1993,173.9327088,gCO2/kWh,EEA
FI,Finland,1994,234.9513265,gCO2/kWh,EEA
FI,Finland,1995,208.2506213,gCO2/kWh,EEA
FI,Finland,1996,261.2225921,gCO2/kWh,EEA
FI,Finland,1997,232.0896064,gCO2/kWh,EEA
FI,Finland,1998,185.8058462,gCO2/kWh,EEA
FI,Finland,1999,176.2545336,gCO2/kWh,EEA
FI,Finland,2000,147.1186545,gCO2/kWh,EEA
FI,Finland,2001,192.1356697,gCO2/kWh,EEA
FI,Finland,2002,211.6082466,gCO2/kWh,EEA
FI,Finland,2003,272.1087607,gCO2/kWh,EEA
FI,Finland,2004,225.1526465,gCO2/kWh,EEA
FI,Finland,2005,130.1505165,gCO2/kWh,EEA
FI,Finland,2006,230.8286379,gCO2/kWh,EEA
FI,Finland,2007,203.8944973,gCO2/kWh,EEA
FI,Finland,2008,146.5372794,gCO2/kWh,EEA
FI,Finland,2009,162.2331938,gCO2/kWh,EEA
FI,Finland,2010,199.42198,gCO2/kWh,EEA
FI,Finland,2011,161.6392876,gCO2/kWh,EEA
FI,Finland,2012,107.7450979,gCO2/kWh,EEA
FI,Finland,2013,145.3480699,gCO2/kWh,EEA
FI,Finland,2014,123.1055183,gCO2/kWh,EEA
FI,Finland,2015,87.88160691,gCO2/kWh,EEA
FI,Finland,2016,92.05082025,gCO2/kWh,EEA
FI,Finland,2017,82.79391551,gCO2/kWh,EEA
FR,France,1990,209.715933,gCO2/kWh,EEA
FR,France,1991,175.7620325,gCO2/kWh,EEA
FR,France,1992,178.0488382,gCO2/kWh,EEA
FR,France,1993,166.8681037,gCO2/kWh,EEA
FR,France,1994,152.9752394,gCO2/kWh,EEA
FR,France,1995,139.3145747,gCO2/kWh,EEA
FR,France,1996,139.7770478,gCO2/kWh,EEA
FR,France,1997,136.512229,gCO2/kWh,EEA
FR,France,1998,159.6948933,gCO2/kWh,EEA
FR,France,1999,114.3045651,gCO2/kWh,EEA
FR,France,2000,88.95736319,gCO2/kWh,EEA
FR,France,2001,69.62572663,gCO2/kWh,EEA
FR,France,2002,73.69844575,gCO2/kWh,EEA
FR,France,2003,80.02730381,gCO2/kWh,EEA
FR,France,2004,78.83933196,gCO2/kWh,EEA
FR,France,2005,100.2574396,gCO2/kWh,EEA
FR,France,2006,97.67203803,gCO2/kWh,EEA
FR,France,2007,93.16401734,gCO2/kWh,EEA
FR,France,2008,84.15877034,gCO2/kWh,EEA
FR,France,2009,76.66094102,gCO2/kWh,EEA
FR,France,2010,75.29436377,gCO2/kWh,EEA
FR,France,2011,62.93902899,gCO2/kWh,EEA
FR,France,2012,68.34372943,gCO2/kWh,EEA
FR,France,2013,67.41049107,gCO2/kWh,EEA
FR,France,2014,49.81425705,gCO2/kWh,EEA
FR,France,2015,52.20434692,gCO2/kWh,EEA
FR,France,2016,58.00748974,gCO2/kWh,EEA
FR,France,2017,67.2337903,gCO2/kWh,EEA
DE,Germany,1990,653.8905027,gCO2/kWh,EEA
DE,Germany,1991,657.8585507,gCO2/kWh,EEA
DE,Germany,1992,630.2277267,gCO2/kWh,EEA
DE,Germany,1993,621.7246431,gCO2/kWh,EEA
DE,Germany,1994,617.4491195,gCO2/kWh,EEA
DE,Germany,1995,595.7317113,gCO2/kWh,EEA
DE,Germany,1996,581.0388057,gCO2/kWh,EEA
DE,Germany,1997,566.0158409,gCO2/kWh,EEA
DE,Germany,1998,565.9562875,gCO2/kWh,EEA
DE,Germany,1999,544.9153606,gCO2/kWh,EEA
DE,Germany,2000,552.2494065,gCO2/kWh,EEA
DE,Germany,2001,566.923551,gCO2/kWh,EEA
DE,Germany,2002,563.073677,gCO2/kWh,EEA
DE,Germany,2003,545.1935804,gCO2/kWh,EEA
DE,Germany,2004,529.8365656,gCO2/kWh,EEA
DE,Germany,2005,509.4263368,gCO2/kWh,EEA
DE,Germany,2006,506.1294427,gCO2/kWh,EEA
DE,Germany,2007,527.0801406,gCO2/kWh,EEA
DE,Germany,2008,492.6658684,gCO2/kWh,EEA
DE,Germany,2009,488.7601825,gCO2/kWh,EEA
DE,Germany,2010,474.284538,gCO2/kWh,EEA
DE,Germany,2011,490.8845099,gCO2/kWh,EEA
DE,Germany,2012,494.2733955,gCO2/kWh,EEA
DE,Germany,2013,493.0177842,gCO2/kWh,EEA
DE,Germany,2014,483.3227109,gCO2/kWh,EEA
DE,Germany,2015,453.7950477,gCO2/kWh,EEA
DE,Germany,2016,450.330399,gCO2/kWh,EEA
DE,Germany,2017,418.8183765,gCO2/kWh,EEA
EL,Greece,1990,1188.255174,gCO2/kWh,EEA
EL,Greece,1991,1130.980524,gCO2/kWh,EEA
EL,Greece,1992,1152.783334,gCO2/kWh,EEA
EL,Greece,1993,1118.461277,gCO2/kWh,EEA
EL,Greece,1994,1100.574973,gCO2/kWh,EEA
EL,Greece,1995,1041.670021,gCO2/kWh,EEA
EL,Greece,1996,990.9507923,gCO2/kWh,EEA
EL,Greece,1997,1045.802263,gCO2/kWh,EEA
EL,Greece,1998,1033.849182,gCO2/kWh,EEA
EL,Greece,1999,978.2874934,gCO2/kWh,EEA
EL,Greece,2000,974.2541303,gCO2/kWh,EEA
EL,Greece,2001,983.2860533,gCO2/kWh,EEA
EL,Greece,2002,955.2574248,gCO2/kWh,EEA
EL,Greece,2003,913.6902885,gCO2/kWh,EEA
EL,Greece,2004,919.8813358,gCO2/kWh,EEA
EL,Greece,2005,914.5019256,gCO2/kWh,EEA
EL,Greece,2006,853.0262558,gCO2/kWh,EEA
EL,Greece,2007,878.9974136,gCO2/kWh,EEA
EL,Greece,2008,869.2990693,gCO2/kWh,EEA
EL,Greece,2009,853.4099818,gCO2/kWh,EEA
EL,Greece,2010,874.5673575,gCO2/kWh,EEA
EL,Greece,2011,882.4118814,gCO2/kWh,EEA
EL,Greece,2012,868.5095303,gCO2/kWh,EEA
EL,Greece,2013,807.1860485,gCO2/kWh,EEA
EL,Greece,2014,845.0229318,gCO2/kWh,EEA
EL,Greece,2015,738.2879235,gCO2/kWh,EEA
EL,Greece,2016,621.1427123,gCO2/kWh,EEA
EL,Greece,2017,657.3098024,gCO2/kWh,EEA
HU,Hungary,1990,477.8235205,gCO2/kWh,EEA
HU,Hungary,1991,479.3241526,gCO2/kWh,EEA
HU,Hungary,1992,498.7917583,gCO2/kWh,EEA
HU,Hungary,1993,489.8802474,gCO2/kWh,EEA
HU,Hungary,1994,483.2269389,gCO2/kWh,EEA
HU,Hungary,1995,487.2645974,gCO2/kWh,EEA
HU,Hungary,1996,478.6358013,gCO2/kWh,EEA
HU,Hungary,1997,474.7465172,gCO2/kWh,EEA
HU,Hungary,1998,476.016607,gCO2/kWh,EEA
HU,Hungary,1999,456.0981196,gCO2/kWh,EEA
HU,Hungary,2000,439.9402874,gCO2/kWh,EEA
HU,Hungary,2001,433.3904158,gCO2/kWh,EEA
HU,Hungary,2002,428.7805514,gCO2/kWh,EEA
HU,Hungary,2003,485.3077383,gCO2/kWh,EEA
HU,Hungary,2004,434.5018329,gCO2/kWh,EEA
HU,Hungary,2005,359.9160322,gCO2/kWh,EEA
HU,Hungary,2006,365.4215202,gCO2/kWh,EEA
HU,Hungary,2007,370.9405825,gCO2/kWh,EEA
HU,Hungary,2008,349.1315094,gCO2/kWh,EEA
HU,Hungary,2009,305.3266441,gCO2/kWh,EEA
HU,Hungary,2010,312.013301,gCO2/kWh,EEA
HU,Hungary,2011,318.6808667,gCO2/kWh,EEA
HU,Hungary,2012,308.8293868,gCO2/kWh,EEA
HU,Hungary,2013,273.0261118,gCO2/kWh,EEA
HU,Hungary,2014,256.8289396,gCO2/kWh,EEA
HU,Hungary,2015,257.503458,gCO2/kWh,EEA
HU,Hungary,2016,248.4360805,gCO2/kWh,EEA
HU,Hungary,2017,252.9550546,gCO2/kWh,EEA
IE,Ireland,1990,768.3269866,gCO2/kWh,EEA
IE,Ireland,1991,767.4095382,gCO2/kWh,EEA
IE,Ireland,1992,767.9506027,gCO2/kWh,EEA
IE,Ireland,1993,751.5438592,gCO2/kWh,EEA
IE,Ireland,1994,740.2311771,gCO2/kWh,EEA
IE,Ireland,1995,747.8268632,gCO2/kWh,EEA
IE,Ireland,1996,733.98398,gCO2/kWh,EEA
IE,Ireland,1997,738.5462077,gCO2/kWh,EEA
IE,Ireland,1998,715.6297084,gCO2/kWh,EEA
IE,Ireland,1999,718.9914675,gCO2/kWh,EEA
IE,Ireland,2000,674.3628906,gCO2/kWh,EEA
IE,Ireland,2001,694.0998474,gCO2/kWh,EEA
IE,Ireland,2002,650.1173601,gCO2/kWh,EEA
IE,Ireland,2003,618.3320315,gCO2/kWh,EEA
IE,Ireland,2004,594.808088,gCO2/kWh,EEA
IE,Ireland,2005,601.0330036,gCO2/kWh,EEA
IE,Ireland,2006,552.1323921,gCO2/kWh,EEA
IE,Ireland,2007,526.5266304,gCO2/kWh,EEA
IE,Ireland,2008,494.2094895,gCO2/kWh,EEA
IE,Ireland,2009,474.3717255,gCO2/kWh,EEA
IE,Ireland,2010,484.486254,gCO2/kWh,EEA
IE,Ireland,2011,455.4716573,gCO2/kWh,EEA
IE,Ireland,2012,486.9298886,gCO2/kWh,EEA
IE,Ireland,2013,458.6251,gCO2/kWh,EEA
IE,Ireland,2014,447.3811102,gCO2/kWh,EEA
IE,Ireland,2015,434.1411265,gCO2/kWh,EEA
IE,Ireland,2016,426.3031038,gCO2/kWh,EEA
IE,Ireland,2017,392.5317564,gCO2/kWh,EEA
IT,Italy,1990,552.486216,gCO2/kWh,EEA
IT,Italy,1991,530.6750963,gCO2/kWh,EEA
IT,Italy,1992,520.2901037,gCO2/kWh,EEA
IT,Italy,1993,514.2576044,gCO2/kWh,EEA
IT,Italy,1994,508.9695244,gCO2/kWh,EEA
IT,Italy,1995,538.8538996,gCO2/kWh,EEA
IT,Italy,1996,521.688117,gCO2/kWh,EEA
IT,Italy,1997,511.9891991,gCO2/kWh,EEA
IT,Italy,1998,573.1577374,gCO2/kWh,EEA
IT,Italy,1999,562.0952609,gCO2/kWh,EEA
IT,Italy,2000,421.464998,gCO2/kWh,EEA
IT,Italy,2001,422.8229196,gCO2/kWh,EEA
IT,Italy,2002,436.6451302,gCO2/kWh,EEA
IT,Italy,2003,460.9111139,gCO2/kWh,EEA
IT,Italy,2004,427.5443354,gCO2/kWh,EEA
IT,Italy,2005,399.7655027,gCO2/kWh,EEA
IT,Italy,2006,391.2174778,gCO2/kWh,EEA
IT,Italy,2007,385.7367199,gCO2/kWh,EEA
IT,Italy,2008,365.4480049,gCO2/kWh,EEA
IT,Italy,2009,346.3402012,gCO2/kWh,EEA
IT,Italy,2010,332.328257,gCO2/kWh,EEA
IT,Italy,2011,322.0838111,gCO2/kWh,EEA
IT,Italy,2012,307.8582208,gCO2/kWh,EEA
IT,Italy,2013,266.9677374,gCO2/kWh,EEA
IT,Italy,2014,252.1882789,gCO2/kWh,EEA
IT,Italy,2015,278.0557358,gCO2/kWh,EEA
IT,Italy,2016,257.2302632,gCO2/kWh,EEA
IT,Italy,2017,258.7962486,gCO2/kWh,EEA
LV,Latvia,1990,225.4076611,gCO2/kWh,EEA
LV,Latvia,1991,162.0403826,gCO2/kWh,EEA
LV,Latvia,1992,161.1060238,gCO2/kWh,EEA
LV,Latvia,1993,125.929093,gCO2/kWh,EEA
LV,Latvia,1994,90.99552753,gCO2/kWh,EEA
LV,Latvia,1995,80.82649112,gCO2/kWh,EEA
LV,Latvia,1996,104.3731552,gCO2/kWh,EEA
LV,Latvia,1997,77.72090668,gCO2/kWh,EEA
LV,Latvia,1998,49.94102358,gCO2/kWh,EEA
LV,Latvia,1999,102.2762929,gCO2/kWh,EEA
LV,Latvia,2000,84.38062175,gCO2/kWh,EEA
LV,Latvia,2001,73.98841833,gCO2/kWh,EEA
LV,Latvia,2002,72.38441162,gCO2/kWh,EEA
LV,Latvia,2003,71.87489215,gCO2/kWh,EEA
LV,Latvia,2004,54.97012831,gCO2/kWh,EEA
LV,Latvia,2005,47.07390812,gCO2/kWh,EEA
LV,Latvia,2006,72.83288166,gCO2/kWh,EEA
LV,Latvia,2007,68.83397529,gCO2/kWh,EEA
LV,Latvia,2008,81.68056399,gCO2/kWh,EEA
LV,Latvia,2009,64.96927771,gCO2/kWh,EEA
LV,Latvia,2010,89.44042846,gCO2/kWh,EEA
LV,Latvia,2011,103.1050665,gCO2/kWh,EEA
LV,Latvia,2012,60.27539528,gCO2/kWh,EEA
LV,Latvia,2013,104.923118,gCO2/kWh,EEA
LV,Latvia,2014,99.65702722,gCO2/kWh,EEA
LV,Latvia,2015,120.8774838,gCO2/kWh,EEA
LV,Latvia,2016,97.16489027,gCO2/kWh,EEA
LV,Latvia,2017,49.15832489,gCO2/kWh,EEA
LT,Lithuania,1990,170.5061114,gCO2/kWh,EEA
LT,Lithuania,1991,172.0778173,gCO2/kWh,EEA
LT,Lithuania,1992,94.27277023,gCO2/kWh,EEA
LT,Lithuania,1993,68.40245158,gCO2/kWh,EEA
LT,Lithuania,1994,76.64460191,gCO2/kWh,EEA
LT,Lithuania,1995,44.30978579,gCO2/kWh,EEA
LT,Lithuania,1996,66.76761365,gCO2/kWh,EEA
LT,Lithuania,1997,60.39646846,gCO2/kWh,EEA
LT,Lithuania,1998,92.15222744,gCO2/kWh,EEA
LT,Lithuania,1999,96.47142851,gCO2/kWh,EEA
LT,Lithuania,2000,85.54502734,gCO2/kWh,EEA
LT,Lithuania,2001,77.22107385,gCO2/kWh,EEA
LT,Lithuania,2002,57.84707521,gCO2/kWh,EEA
LT,Lithuania,2003,50.96420922,gCO2/kWh,EEA
LT,Lithuania,2004,58.85064397,gCO2/kWh,EEA
LT,Lithuania,2005,90.09330452,gCO2/kWh,EEA
LT,Lithuania,2006,81.53037716,gCO2/kWh,EEA
LT,Lithuania,2007,73.43934609,gCO2/kWh,EEA
LT,Lithuania,2008,68.77253445,gCO2/kWh,EEA
LT,Lithuania,2009,71.09333511,gCO2/kWh,EEA
LT,Lithuania,2010,273.7240274,gCO2/kWh,EEA
LT,Lithuania,2011,219.0609967,gCO2/kWh,EEA
LT,Lithuania,2012,231.5644086,gCO2/kWh,EEA
LT,Lithuania,2013,165.5284898,gCO2/kWh,EEA
LT,Lithuania,2014,152.0749123,gCO2/kWh,EEA
LT,Lithuania,2015,181.7819038,gCO2/kWh,EEA
LT,Lithuania,2016,122.534964,gCO2/kWh,EEA
LT,Lithuania,2017,63.68652408,gCO2/kWh,EEA
LU,Luxembourg,1990,428.2594996,gCO2/kWh,EEA
LU,Luxembourg,1991,459.4322786,gCO2/kWh,EEA
LU,Luxembourg,1992,524.6212414,gCO2/kWh,EEA
LU,Luxembourg,1993,574.2492206,gCO2/kWh,EEA
LU,Luxembourg,1994,435.52119,gCO2/kWh,EEA
LU,Luxembourg,1995,953.7674101,gCO2/kWh,EEA
LU,Luxembourg,1996,927.4054854,gCO2/kWh,EEA
LU,Luxembourg,1997,492.7772735,gCO2/kWh,EEA
LU,Luxembourg,1998,343.7580566,gCO2/kWh,EEA
LU,Luxembourg,1999,462.9239177,gCO2/kWh,EEA
LU,Luxembourg,2000,94.52125613,gCO2/kWh,EEA
LU,Luxembourg,2001,165.7062855,gCO2/kWh,EEA
LU,Luxembourg,2002,273.4631217,gCO2/kWh,EEA
LU,Luxembourg,2003,250.078939,gCO2/kWh,EEA
LU,Luxembourg,2004,270.4275063,gCO2/kWh,EEA
LU,Luxembourg,2005,266.6305815,gCO2/kWh,EEA
LU,Luxembourg,2006,266.5439836,gCO2/kWh,EEA
LU,Luxembourg,2007,264.4074271,gCO2/kWh,EEA
LU,Luxembourg,2008,239.7176586,gCO2/kWh,EEA
LU,Luxembourg,2009,278.018868,gCO2/kWh,EEA
LU,Luxembourg,2010,231.4418279,gCO2/kWh,EEA
LU,Luxembourg,2011,229.6983219,gCO2/kWh,EEA
LU,Luxembourg,2012,234.946973,gCO2/kWh,EEA
LU,Luxembourg,2013,184.3974844,gCO2/kWh,EEA
LU,Luxembourg,2014,195.3807866,gCO2/kWh,EEA
LU,Luxembourg,2015,136.5630922,gCO2/kWh,EEA
LU,Luxembourg,2016,70.84989259,gCO2/kWh,EEA
LU,Luxembourg,2017,65.18380009,gCO2/kWh,EEA
MT,Malta,1990,1242.483682,gCO2/kWh,EEA
MT,Malta,1991,1078.432518,gCO2/kWh,EEA
MT,Malta,1992,1086.149321,gCO2/kWh,EEA
MT,Malta,1993,1081.655637,gCO2/kWh,EEA
MT,Malta,1994,1116.785545,gCO2/kWh,EEA
MT,Malta,1995,1048.885579,gCO2/kWh,EEA
MT,Malta,1996,979.5050608,gCO2/kWh,EEA
MT,Malta,1997,958.2423353,gCO2/kWh,EEA
MT,Malta,1998,954.6984692,gCO2/kWh,EEA
MT,Malta,1999,918.1022761,gCO2/kWh,EEA
MT,Malta,2000,876.0421312,gCO2/kWh,EEA
MT,Malta,2001,925.7017736,gCO2/kWh,EEA
MT,Malta,2002,853.3035147,gCO2/kWh,EEA
MT,Malta,2003,854.4356384,gCO2/kWh,EEA
MT,Malta,2004,833.7637271,gCO2/kWh,EEA
MT,Malta,2005,882.8924319,gCO2/kWh,EEA
MT,Malta,2006,881.127164,gCO2/kWh,EEA
MT,Malta,2007,885.8740859,gCO2/kWh,EEA
MT,Malta,2008,875.925773,gCO2/kWh,EEA
MT,Malta,2009,877.8950183,gCO2/kWh,EEA
MT,Malta,2010,891.5335734,gCO2/kWh,EEA
MT,Malta,2011,889.3667871,gCO2/kWh,EEA
MT,Malta,2012,896.9546157,gCO2/kWh,EEA
MT,Malta,2013,752.94957,gCO2/kWh,EEA
MT,Malta,2014,738.062922,gCO2/kWh,EEA
MT,Malta,2015,679.5592396,gCO2/kWh,EEA
MT,Malta,2016,673.7081924,gCO2/kWh,EEA
MT,Malta,2017,441.7688369,gCO2/kWh,EEA
NL,Netherlands,1990,606.2270834,gCO2/kWh,EEA
NL,Netherlands,1991,581.3074203,gCO2/kWh,EEA
NL,Netherlands,1992,571.473826,gCO2/kWh,EEA
NL,Netherlands,1993,569.6310583,gCO2/kWh,EEA
NL,Netherlands,1994,579.7956519,gCO2/kWh,EEA
NL,Netherlands,1995,555.5112521,gCO2/kWh,EEA
NL,Netherlands,1996,526.905705,gCO2/kWh,EEA
NL,Netherlands,1997,524.3268066,gCO2/kWh,EEA
NL,Netherlands,1998,504.2807027,gCO2/kWh,EEA
NL,Netherlands,1999,485.2236344,gCO2/kWh,EEA
NL,Netherlands,2000,492.8863743,gCO2/kWh,EEA
NL,Netherlands,2001,504.1802871,gCO2/kWh,EEA
NL,Netherlands,2002,500.5569818,gCO2/kWh,EEA
NL,Netherlands,2003,503.9673494,gCO2/kWh,EEA
NL,Netherlands,2004,489.2329807,gCO2/kWh,EEA
NL,Netherlands,2005,476.9733732,gCO2/kWh,EEA
NL,Netherlands,2006,464.006716,gCO2/kWh,EEA
NL,Netherlands,2007,469.636793,gCO2/kWh,EEA
NL,Netherlands,2008,463.588806,gCO2/kWh,EEA
NL,Netherlands,2009,437.1585354,gCO2/kWh,EEA
NL,Netherlands,2010,432.4116148,gCO2/kWh,EEA
NL,Netherlands,2011,423.4008768,gCO2/kWh,EEA
NL,Netherlands,2012,447.2535536,gCO2/kWh,EEA
NL,Netherlands,2013,457.7957784,gCO2/kWh,EEA
NL,Netherlands,2014,482.8247432,gCO2/kWh,EEA
NL,Netherlands,2015,503.20099,gCO2/kWh,EEA
NL,Netherlands,2016,481.9009317,gCO2/kWh,EEA
NL,Netherlands,2017,452.6270045,gCO2/kWh,EEA
PL,Poland,1990,1396.100209,gCO2/kWh,EEA
PL,Poland,1991,1366.186927,gCO2/kWh,EEA
PL,Poland,1992,1346.868791,gCO2/kWh,EEA
PL,Poland,1993,1181.605072,gCO2/kWh,EEA
PL,Poland,1994,1142.278665,gCO2/kWh,EEA
PL,Poland,1995,998.6313218,gCO2/kWh,EEA
PL,Poland,1996,985.1141752,gCO2/kWh,EEA
PL,Poland,1997,969.8488621,gCO2/kWh,EEA
PL,Poland,1998,937.3036456,gCO2/kWh,EEA
PL,Poland,1999,927.0736725,gCO2/kWh,EEA
PL,Poland,2000,917.4425061,gCO2/kWh,EEA
PL,Poland,2001,904.5523026,gCO2/kWh,EEA
PL,Poland,2002,900.7270968,gCO2/kWh,EEA
PL,Poland,2003,908.9744074,gCO2/kWh,EEA
PL,Poland,2004,902.5998011,gCO2/kWh,EEA
PL,Poland,2005,887.9398337,gCO2/kWh,EEA
PL,Poland,2006,899.8229616,gCO2/kWh,EEA
PL,Poland,2007,885.5254013,gCO2/kWh,EEA
PL,Poland,2008,862.4733867,gCO2/kWh,EEA
PL,Poland,2009,845.8278434,gCO2/kWh,EEA
PL,Poland,2010,832.8214366,gCO2/kWh,EEA
PL,Poland,2011,837.5090279,gCO2/kWh,EEA
PL,Poland,2012,813.7587519,gCO2/kWh,EEA
PL,Poland,2013,812.399943,gCO2/kWh,EEA
PL,Poland,2014,800.6788302,gCO2/kWh,EEA
PL,Poland,2015,775.7277516,gCO2/kWh,EEA
PL,Poland,2016,765.415093,gCO2/kWh,EEA
PL,Poland,2017,755.716627,gCO2/kWh,EEA
PT,Portugal,1990,519.2198233,gCO2/kWh,EEA
PT,Portugal,1991,525.9084846,gCO2/kWh,EEA
PT,Portugal,1992,620.6560506,gCO2/kWh,EEA
PT,Portugal,1993,543.4774704,gCO2/kWh,EEA
PT,Portugal,1994,505.7842291,gCO2/kWh,EEA
PT,Portugal,1995,572.9380597,gCO2/kWh,EEA
PT,Portugal,1996,435.7223433,gCO2/kWh,EEA
PT,Portugal,1997,465.6471308,gCO2/kWh,EEA
PT,Portugal,1998,473.5747918,gCO2/kWh,EEA
PT,Portugal,1999,575.9296213,gCO2/kWh,EEA
PT,Portugal,2000,482.1140126,gCO2/kWh,EEA
PT,Portugal,2001,459.3954992,gCO2/kWh,EEA
PT,Portugal,2002,537.1079472,gCO2/kWh,EEA
PT,Portugal,2003,436.8785064,gCO2/kWh,EEA
PT,Portugal,2004,481.4610002,gCO2/kWh,EEA
PT,Portugal,2005,532.0263131,gCO2/kWh,EEA
PT,Portugal,2006,447.3071605,gCO2/kWh,EEA
PT,Portugal,2007,417.9517851,gCO2/kWh,EEA
PT,Portugal,2008,413.1987986,gCO2/kWh,EEA
PT,Portugal,2009,389.4960004,gCO2/kWh,EEA
PT,Portugal,2010,276.5727936,gCO2/kWh,EEA
PT,Portugal,2011,328.4474101,gCO2/kWh,EEA
PT,Portugal,2012,392.2831012,gCO2/kWh,EEA
PT,Portugal,2013,312.0926153,gCO2/kWh,EEA
PT,Portugal,2014,294.3736237,gCO2/kWh,EEA
PT,Portugal,2015,359.808371,gCO2/kWh,EEA
PT,Portugal,2016,292.8644781,gCO2/kWh,EEA
PT,Portugal,2017,349.7821735,gCO2/kWh,EEA
RO,Romania,1990,732.6812049,gCO2/kWh,EEA
RO,Romania,1991,772.2414165,gCO2/kWh,EEA
RO,Romania,1992,627.8304203,gCO2/kWh,EEA
RO,Romania,1993,557.2568679,gCO2/kWh,EEA
RO,Romania,1994,619.9981126,gCO2/kWh,EEA
RO,Romania,1995,554.1073492,gCO2/kWh,EEA
RO,Romania,1996,560.2384117,gCO2/kWh,EEA
RO,Romania,1997,430.890574,gCO2/kWh,EEA
RO,Romania,1998,357.3803097,gCO2/kWh,EEA
RO,Romania,1999,373.3734332,gCO2/kWh,EEA
RO,Romania,2000,426.1793044,gCO2/kWh,EEA
RO,Romania,2001,429.6261875,gCO2/kWh,EEA
RO,Romania,2002,434.5965885,gCO2/kWh,EEA
RO,Romania,2003,495.6250537,gCO2/kWh,EEA
RO,Romania,2004,429.8613404,gCO2/kWh,EEA
RO,Romania,2005,396.5119424,gCO2/kWh,EEA
RO,Romania,2006,444.0976315,gCO2/kWh,EEA
RO,Romania,2007,523.2226929,gCO2/kWh,EEA
RO,Romania,2008,495.0539578,gCO2/kWh,EEA
RO,Romania,2009,436.5792272,gCO2/kWh,EEA
RO,Romania,2010,366.6379223,gCO2/kWh,EEA
RO,Romania,2011,444.9848969,gCO2/kWh,EEA
RO,Romania,2012,444.632779,gCO2/kWh,EEA
RO,Romania,2013,351.0038513,gCO2/kWh,EEA
RO,Romania,2014,319.7000298,gCO2/kWh,EEA
RO,Romania,2015,337.6213366,gCO2/kWh,EEA
RO,Romania,2016,297.7747502,gCO2/kWh,EEA
RO,Romania,2017,262.5186677,gCO2/kWh,EEA
SK,Slovakia,1990,483.3824238,gCO2/kWh,EEA
SK,Slovakia,1991,421.1681425,gCO2/kWh,EEA
SK,Slovakia,1992,336.5110856,gCO2/kWh,EEA
SK,Slovakia,1993,321.0483267,gCO2/kWh,EEA
SK,Slovakia,1994,271.0279012,gCO2/kWh,EEA
SK,Slovakia,1995,247.9980798,gCO2/kWh,EEA
SK,Slovakia,1996,244.3063994,gCO2/kWh,EEA
SK,Slovakia,1997,262.3184951,gCO2/kWh,EEA
SK,Slovakia,1998,237.5018088,gCO2/kWh,EEA
SK,Slovakia,1999,237.8044776,gCO2/kWh,EEA
SK,Slovakia,2000,220.8621123,gCO2/kWh,EEA
SK,Slovakia,2001,202.5104184,gCO2/kWh,EEA
SK,Slovakia,2002,182.9231513,gCO2/kWh,EEA
SK,Slovakia,2003,204.0139789,gCO2/kWh,EEA
SK,Slovakia,2004,210.007705,gCO2/kWh,EEA
SK,Slovakia,2005,180.2317648,gCO2/kWh,EEA
SK,Slovakia,2006,170.0454825,gCO2/kWh,EEA
SK,Slovakia,2007,172.4478722,gCO2/kWh,EEA
SK,Slovakia,2008,175.151968,gCO2/kWh,EEA
SK,Slovakia,2009,152.0122681,gCO2/kWh,EEA
SK,Slovakia,2010,126.705916,gCO2/kWh,EEA
SK,Slovakia,2011,139.997225,gCO2/kWh,EEA
SK,Slovakia,2012,139.148237,gCO2/kWh,EEA
SK,Slovakia,2013,121.0987559,gCO2/kWh,EEA
SK,Slovakia,2014,106.0899363,gCO2/kWh,EEA
SK,Slovakia,2015,113.5971382,gCO2/kWh,EEA
SK,Slovakia,2016,104.7459578,gCO2/kWh,EEA
SK,Slovakia,2017,107.3052767,gCO2/kWh,EEA
SI,Slovenia,1990,470.7158437,gCO2/kWh,EEA
SI,Slovenia,1991,364.3826681,gCO2/kWh,EEA
SI,Slovenia,1992,434.1909168,gCO2/kWh,EEA
SI,Slovenia,1993,428.0574974,gCO2/kWh,EEA
SI,Slovenia,1994,388.7847617,gCO2/kWh,EEA
SI,Slovenia,1995,393.8166528,gCO2/kWh,EEA
SI,Slovenia,1996,355.668944,gCO2/kWh,EEA
SI,Slovenia,1997,370.9169249,gCO2/kWh,EEA
SI,Slovenia,1998,384.3880336,gCO2/kWh,EEA
SI,Slovenia,1999,337.2498072,gCO2/kWh,EEA
SI,Slovenia,2000,345.9244406,gCO2/kWh,EEA
SI,Slovenia,2001,372.6121314,gCO2/kWh,EEA
SI,Slovenia,2002,387.966284,gCO2/kWh,EEA
SI,Slovenia,2003,382.1819267,gCO2/kWh,EEA
SI,Slovenia,2004,353.9543567,gCO2/kWh,EEA
SI,Slovenia,2005,355.8935515,gCO2/kWh,EEA
SI,Slovenia,2006,363.1402951,gCO2/kWh,EEA
SI,Slovenia,2007,386.432602,gCO2/kWh,EEA
SI,Slovenia,2008,337.8050582,gCO2/kWh,EEA
SI,Slovenia,2009,324.2326521,gCO2/kWh,EEA
SI,Slovenia,2010,325.7096973,gCO2/kWh,EEA
SI,Slovenia,2011,335.3461023,gCO2/kWh,EEA
SI,Slovenia,2012,326.2904047,gCO2/kWh,EEA
SI,Slovenia,2013,302.5166695,gCO2/kWh,EEA
SI,Slovenia,2014,212.1466955,gCO2/kWh,EEA
SI,Slovenia,2015,250.0172586,gCO2/kWh,EEA
SI,Slovenia,2016,248.3943879,gCO2/kWh,EEA
SI,Slovenia,2017,248.2626382,gCO2/kWh,EEA
ES,Spain,1990,448.4568318,gCO2/kWh,EEA
ES,Spain,1991,443.5626758,gCO2/kWh,EEA
ES,Spain,1992,485.0066448,gCO2/kWh,EEA
ES,Spain,1993,457.2575206,gCO2/kWh,EEA
ES,Spain,1994,449.5992982,gCO2/kWh,EEA
ES,Spain,1995,495.8213947,gCO2/kWh,EEA
ES,Spain,1996,387.8196709,gCO2/kWh,EEA
ES,Spain,1997,427.3498543,gCO2/kWh,EEA
ES,Spain,1998,424.4350094,gCO2/kWh,EEA
ES,Spain,1999,499.6924222,gCO2/kWh,EEA
ES,Spain,2000,466.5402205,gCO2/kWh,EEA
ES,Spain,2001,415.9668767,gCO2/kWh,EEA
ES,Spain,2002,467.7526054,gCO2/kWh,EEA
ES,Spain,2003,411.8309748,gCO2/kWh,EEA
ES,Spain,2004,422.3592813,gCO2/kWh,EEA
ES,Spain,2005,438.874965,gCO2/kWh,EEA
ES,Spain,2006,397.565725,gCO2/kWh,EEA
ES,Spain,2007,410.5559171,gCO2/kWh,EEA
ES,Spain,2008,346.8343467,gCO2/kWh,EEA
ES,Spain,2009,316.8179862,gCO2/kWh,EEA
ES,Spain,2010,256.2718554,gCO2/kWh,EEA
ES,Spain,2011,318.2846167,gCO2/kWh,EEA
ES,Spain,2012,332.4473597,gCO2/kWh,EEA
ES,Spain,2013,269.9532854,gCO2/kWh,EEA
ES,Spain,2014,279.8878344,gCO2/kWh,EEA
ES,Spain,2015,318.1631252,gCO2/kWh,EEA
ES,Spain,2016,266.0910481,gCO2/kWh,EEA
ES,Spain,2017,304.3012182,gCO2/kWh,EEA
SE,Sweden,1990,5.726988748,gCO2/kWh,EEA
SE,Sweden,1991,11.26418182,gCO2/kWh,EEA
SE,Sweden,1992,12.53414914,gCO2/kWh,EEA
SE,Sweden,1993,14.49272111,gCO2/kWh,EEA
SE,Sweden,1994,19.94652201,gCO2/kWh,EEA
SE,Sweden,1995,16.39994144,gCO2/kWh,EEA
SE,Sweden,1996,42.55006781,gCO2/kWh,EEA
SE,Sweden,1997,18.9536157,gCO2/kWh,EEA
SE,Sweden,1998,20.67038745,gCO2/kWh,EEA
SE,Sweden,1999,16.12809481,gCO2/kWh,EEA
SE,Sweden,2000,14.20037456,gCO2/kWh,EEA
SE,Sweden,2001,16.4883255,gCO2/kWh,EEA
SE,Sweden,2002,22.49103684,gCO2/kWh,EEA
SE,Sweden,2003,31.4986213,gCO2/kWh,EEA
SE,Sweden,2004,16.91383781,gCO2/kWh,EEA
SE,Sweden,2005,13.49664725,gCO2/kWh,EEA
SE,Sweden,2006,16.9584204,gCO2/kWh,EEA
SE,Sweden,2007,14.44647661,gCO2/kWh,EEA
SE,Sweden,2008,14.38281958,gCO2/kWh,EEA
SE,Sweden,2009,14.13124537,gCO2/kWh,EEA
SE,Sweden,2010,20.87138154,gCO2/kWh,EEA
SE,Sweden,2011,14.17988632,gCO2/kWh,EEA
SE,Sweden,2012,10.7418224,gCO2/kWh,EEA
SE,Sweden,2013,10.89790201,gCO2/kWh,EEA
SE,Sweden,2014,8.912269352,gCO2/kWh,EEA
SE,Sweden,2015,7.502900754,gCO2/kWh,EEA
SE,Sweden,2016,8.37346862,gCO2/kWh,EEA
SE,Sweden,2017,9.274772239,gCO2/kWh,EEA
UK,United Kingdom,1990,680.7041358,gCO2/kWh,EEA
UK,United Kingdom,1991,667.3035586,gCO2/kWh,EEA
UK,United Kingdom,1992,637.5804281,gCO2/kWh,EEA
UK,United Kingdom,1993,576.5092093,gCO2/kWh,EEA
UK,United Kingdom,1994,548.3614816,gCO2/kWh,EEA
UK,United Kingdom,1995,531.6473986,gCO2/kWh,EEA
UK,United Kingdom,1996,518.2061075,gCO2/kWh,EEA
UK,United Kingdom,1997,487.1210878,gCO2/kWh,EEA
UK,United Kingdom,1998,484.6695465,gCO2/kWh,EEA
UK,United Kingdom,1999,458.1898784,gCO2/kWh,EEA
UK,United Kingdom,2000,481.7410487,gCO2/kWh,EEA
UK,United Kingdom,2001,501.5907872,gCO2/kWh,EEA
UK,United Kingdom,2002,492.1631379,gCO2/kWh,EEA
UK,United Kingdom,2003,500.5140428,gCO2/kWh,EEA
UK,United Kingdom,2004,511.7144769,gCO2/kWh,EEA
UK,United Kingdom,2005,501.2091717,gCO2/kWh,EEA
UK,United Kingdom,2006,525.4276502,gCO2/kWh,EEA
UK,United Kingdom,2007,513.6213499,gCO2/kWh,EEA
UK,United Kingdom,2008,507.51642,gCO2/kWh,EEA
UK,United Kingdom,2009,461.9184767,gCO2/kWh,EEA
UK,United Kingdom,2010,469.4963165,gCO2/kWh,EEA
UK,United Kingdom,2011,452.1129191,gCO2/kWh,EEA
UK,United Kingdom,2012,500.4531516,gCO2/kWh,EEA
UK,United Kingdom,2013,465.3155591,gCO2/kWh,EEA
UK,United Kingdom,2014,422.8783583,gCO2/kWh,EEA
UK,United Kingdom,2015,370.3092961,gCO2/kWh,EEA
UK,United Kingdom,2016,299.6945787,gCO2/kWh,EEA
UK,United Kingdom,2017,268.5214422,gCO2/kWh,EEA
TR,Turkey,1990,661.6845458,gCO2/kWh,EEA
TR,Turkey,1991,658.9937853,gCO2/kWh,EEA
TR,Turkey,1992,660.3472978,gCO2/kWh,EEA
TR,Turkey,1993,611.3665186,gCO2/kWh,EEA
TR,Turkey,1994,658.720915,gCO2/kWh,EEA
TR,Turkey,1995,615.9803729,gCO2/kWh,EEA
TR,Turkey,1996,604.7238177,gCO2/kWh,EEA
TR,Turkey,1997,622.7858151,gCO2/kWh,EEA
TR,Turkey,1998,653.2582537,gCO2/kWh,EEA
TR,Turkey,1999,674.4811955,gCO2/kWh,EEA
TR,Turkey,2000,687.0366273,gCO2/kWh,EEA
TR,Turkey,2001,726.9948503,gCO2/kWh,EEA
TR,Turkey,2002,659.0198204,gCO2/kWh,EEA
TR,Turkey,2003,611.6167177,gCO2/kWh,EEA
TR,Turkey,2004,581.6595382,gCO2/kWh,EEA
TR,Turkey,2005,593.5663335,gCO2/kWh,EEA
TR,Turkey,2006,560.3797785,gCO2/kWh,EEA
TR,Turkey,2007,606.6554011,gCO2/kWh,EEA
TR,Turkey,2008,617.2700116,gCO2/kWh,EEA
TR,Turkey,2009,630.7174613,gCO2/kWh,EEA
TR,Turkey,2010,543.9613357,gCO2/kWh,EEA
TR,Turkey,2011,551.262057,gCO2/kWh,EEA
TR,Turkey,2012,532.5683833,gCO2/kWh,EEA
TR,Turkey,2013,516.6036718,gCO2/kWh,EEA
TR,Turkey,2014,550.5431259,gCO2/kWh,EEA
TR,Turkey,2015,540.3704828,gCO2/kWh,EEA
TR,Turkey,2016,552.9639574,gCO2/kWh,EEA
TR,Turkey,2017,541.4304669,gCO2/kWh,EEA
IS,Island,1990,3.067338009,gCO2/kWh,EEA
IS,Island,1991,3.435452639,gCO2/kWh,EEA
IS,Island,1992,3.051760142,gCO2/kWh,EEA
IS,Island,1993,1.29952027,gCO2/kWh,EEA
IS,Island,1994,1.192940065,gCO2/kWh,EEA
IS,Island,1995,2.433616915,gCO2/kWh,EEA
IS,Island,1996,1.822980531,gCO2/kWh,EEA
IS,Island,1997,1.193288626,gCO2/kWh,EEA
IS,Island,1998,0.201254687,gCO2/kWh,EEA
IS,Island,1999,0.034780124,gCO2/kWh,EEA
IS,Island,2000,0.388319634,gCO2/kWh,EEA
IS,Island,2001,0.348285515,gCO2/kWh,EEA
IS,Island,2002,0.351970732,gCO2/kWh,EEA
IS,Island,2003,0.327569337,gCO2/kWh,EEA
IS,Island,2004,0.731355149,gCO2/kWh,EEA
IS,Island,2005,0.900204621,gCO2/kWh,EEA
IS,Island,2006,0.916908108,gCO2/kWh,EEA
IS,Island,2007,1.84653611,gCO2/kWh,EEA
IS,Island,2008,0.411908442,gCO2/kWh,EEA
IS,Island,2009,0.320695087,gCO2/kWh,EEA
IS,Island,2010,0.490432498,gCO2/kWh,EEA
IS,Island,2011,-0.03922161,gCO2/kWh,EEA
IS,Island,2012,-0.089447331,gCO2/kWh,EEA
IS,Island,2013,0.09478676,gCO2/kWh,EEA
IS,Island,2014,-0.014681928,gCO2/kWh,EEA
IS,Island,2015,0.102043606,gCO2/kWh,EEA
IS,Island,2016,0.097093766,gCO2/kWh,EEA
IS,Island,2017,0.015958094,gCO2/kWh,EEA
NO,Norway,1990,0.902486192,gCO2/kWh,EEA
NO,Norway,1991,1.004517795,gCO2/kWh,EEA
NO,Norway,1992,0.386208693,gCO2/kWh,EEA
NO,Norway,1993,0.494971841,gCO2/kWh,EEA
NO,Norway,1994,1.304692885,gCO2/kWh,EEA
NO,Norway,1995,1.442709086,gCO2/kWh,EEA
NO,Norway,1996,1.813836031,gCO2/kWh,EEA
NO,Norway,1997,1.293216814,gCO2/kWh,EEA
NO,Norway,1998,1.318811349,gCO2/kWh,EEA
NO,Norway,1999,1.647935388,gCO2/kWh,EEA
NO,Norway,2000,1.408813801,gCO2/kWh,EEA
NO,Norway,2001,2.413431128,gCO2/kWh,EEA
NO,Norway,2002,1.531319427,gCO2/kWh,EEA
NO,Norway,2003,2.275124268,gCO2/kWh,EEA
NO,Norway,2004,3.020153099,gCO2/kWh,EEA
NO,Norway,2005,2.34558285,gCO2/kWh,EEA
NO,Norway,2006,2.960543082,gCO2/kWh,EEA
NO,Norway,2007,6.297827976,gCO2/kWh,EEA
NO,Norway,2008,2.871736674,gCO2/kWh,EEA
NO,Norway,2009,52.06732061,gCO2/kWh,EEA
NO,Norway,2010,21.16688247,gCO2/kWh,EEA
NO,Norway,2011,21.12878554,gCO2/kWh,EEA
NO,Norway,2012,20.27130429,gCO2/kWh,EEA
NO,Norway,2013,20.97827516,gCO2/kWh,EEA
NO,Norway,2014,21.27207066,gCO2/kWh,EEA
NO,Norway,2015,19.8369416,gCO2/kWh,EEA
NO,Norway,2016,18.27134679,gCO2/kWh,EEA
NO,Norway,2017,18.92324587,gCO2/kWh,EEA
